Company,type,contact_person_name,contact_person_email,contact_person_phone,contact_person_role,billing_email,address_line1,address_line2,city,postcode,latitude,longitude,bed_capacity,cqc_rating,payment_terms,contract_start_date,contract_type,preferred_staffing_roles,max_concurrent_staff,notes
Divine Care Centre,care_home,Margaret Smith,g.basera5+clienttest1@gmail.com,1234567890,Care Home Manager,accounts@divine.com,100 High Street,,Wingate,TS28 5EN,54.6946,54.6946,50,good,net_30,01/01/2024,rolling,nurse care_worker,5,CQC Outstanding
SELF LIMITED,Supported Living,Ross Cousins,g.basera5+clienttest2@gmail.com,1915268565,Care Home Manager,rosscousins@selfne.co.uk,14-16 Park View,Hetton Le Hole,Tyne & Wear,DH5 9JH,54.6946,54.6946,,Good,net_30,01/03/2022,rolling,Support Workers,5,CQC Outstanding
RICHMOND COURT,care_home,Lynn Spencer,g.basera5+clienttest3@gmail.com,1388745675,Care Home Manager,richmondcourt.admin@bondcare.co.uk,"Hall Lane, Willington ",Crook,County Durham,DL15 0PR,54.6946,54.6946,,Good,net_30,,,"Hca's, Support Workers Senior Carers &n nurses",,
LUMLEY COURT,care_home,Julie Gray,g.basera5+clienttest4@gmail.com,1388747698,Care Home Manager,willingtonadmin@bondcare.co.uk,"Hall Lane, Willington ",Crook,County Durham,DL15 0PR,54.6946,54.6946,,Good,net_30,,,"Hca's, Support Workers Senior Carers & nurses",,
PORTLAND HUB,Supported Living,Tish Taylor,g.basera5+clienttest5@gmail.com,1388747698,Care Home Manager,portland.admin@bondcare.co.uk,"Portland Hub, Willington Care Village",Crook,County Durham,DL15 0PR,54.6946,54.6946,,Good,net_30,,,"Hca's, Support Workers Senior Carers & nurses",,
CASTLEBANK,care_home,Kate Boughey,g.basera5+clienttest6@gmail.com,1388731152,Care Home Manager,kate@castlebankcarehome.co.uk,"22 Castle Bank, Tow Law",Bishop Auckland,Bishop Auckland,DL13 4AE,54.6946,54.6946,,Good,net_30,,,"Hca's, Support Workers Senior Carers & nurses",,
BENFIELD HALL,care_home,Margaretta malec,g.basera5+clienttest7@gmail.com,1207591020,Care Home Manager,accounts@d3central.co.uk,155 Durham Road,Consett,County Durham,DH8 5TH,54.6946,54.6946,,Good,net_30,,,"Hca's, Support Workers Senior Carers & nurses",,
CURA CARE UK,Supported Living,Corrinne Towsey,g.basera5+clienttest8@gmail.com,1915001131,Head of Operations,corrinne@curacareuk.com,Unit 10 Waterside House,Sunderland Enterprise Park,"Sunderland, Tyne & Wear",SR5 2TZ,54.6946,54.6946,,Good,net_30,,,"Hca's, Support Workers Senior Carers & nurses",,
GRAIGARANN NURSING HOME,care_home,Sarah Bewick,g.basera5+clienttest9@gmail.com,01429 880550,Care Home Manager,craigarrannursing@tiscali.co.uk,"Cinnamon Drive, trimdon station",Hartlepool,County Durham,TS29 6NY,54.6946,54.6946,,Good,net_30,,,"Hca's, Support Workers Senior Carers & nurses",,
CLAYTON HOUSE,care_home,Mark Kirby,g.basera5+clienttest10@gmail.com,01287 622468 / 07386 700516,Care Home Manager,claytonhouse.uk@gmail.com,Victoria Terrace,"Saltburn by Sea,",County Durham,TS12 1HN,54.6946,54.6946,,Good,net_30,,,"Hca's, Support Workers Senior Carers & nurses",,
WILLOW VIEW,care_home,Matthew Carter,g.basera5+clienttest11@gmail.com,1642555222,Care Home Manager,admin@willowviewcare.co.uk,201 Norton Road ,Stockton-on-Tees,Cleveland,TS20 2BL,54.6946,54.6946,,Good,net_30,,,"Hca's, Support Workers Senior Carers & nurses",,
ALISON HOUSE,care_home,Angela Blythe,g.basera5+clienttest12@gmail.com,1642675983,Care Home Manager,angelablythe@allisonhousethornabylimited.co.uk,"Funday way, Thornaby","Stockton-On-Tees,",Cleveland,TS17 6EN,54.6946,54.6946,,Good,net_30,,,"Hca's, Support Workers Senior Carers & nurses",,
ARLINGTON CARE GROUP,Supported Living,Liz Searle,g.basera5+clienttest13@gmail.com,01207 423423,Care Home Manager,accounts@arlingtoncaregroup.co.uk,"Gloucester Road, Delves Lane",Consett,County Durham,DH8 7FA,54.6946,54.6946,,Good,net_30,,,"Hca's, Support Workers Senior Carers & nurses",,
SEAFARERS WAY,Supported Living,Mike Purvis,g.basera5+clienttest14@gmail.com,1904675207,Care Home Manager,Mike.Purvis@cahne.co.uk,Moor Terrace,Hendon,"Sunderland, Tyne & Wear",SR1 2JY,54.6946,54.6946,,Good,net_30,,,"Hca's, Support Workers Senior Carers & nurses",,
STAPLETON HOUSE CARE HOME,care_home,Kevin,g.basera5+clienttest15@gmail.com,1914300179,Care Home Manager,stapletonhouse@hotmail.com,32 Borough Road, Jarrow,"Sunderland, Tyne & Wear",NE32 5BL,54.6946,54.6946,,Good,net_30,,,"Hca's, Support Workers Senior Carers & nurses",,
PARKVILLE,care_home,Rachel Cullen,g.basera5+clienttest16@gmail.com,01642 223334,Care Home Manager,accounts@prestigegroup.uk.com,Walpole Street,Middlesbrough,Cleveland,TS1 4HA,54.6946,54.6946,,Good,net_30,,,"Hca's, Support Workers Senior Carers & nurses",,
COACH HOUSE NURSING HOME,care_home,John Broadbent,g.basera5+clienttest17@gmail.com,01765 600541,Care Home Manager,coachhouse-nh@btconnect.com,Dishforth Road,"Sharow, Ripon",North Yorkshire,HG4 5BQ,54.6946,54.6946,,Good,net_30,,,"Hca's, Support Workers Senior Carers & nurses",,
RYDAL CARE HOME,care_home,John Smith,g.basera5+clienttest18@gmail.com, 01325 369329,Care Home Manager,enquiries@minstercaregroup.co.uk,Rydal Road,Darlington,County Durham,DL1 4BH ,54.6946,54.6946,,Good,net_30,,,"Hca's, Support Workers Senior Carers & nurses",,
SHORELINE Nursing HOME,care_home,Bev Laing,g.basera5+clienttest19@gmail.com,01642 484592,Care Home Manager,admin@hornbyhealthcare.co.uk,2a Park Avenue,Redcar, Cleveland,TS10 3JZ,54.6946,54.6946,,Good,net_30,,,"Hca's, Support Workers Senior Carers & nurses",,
DINSDALE CARE HOME,care_home,Nora McKittrick,g.basera5+clienttest20@gmail.com, 01429 863440,Care Home Manager,finchworthltd@hotmail.com,42-44 Station Ln,Seaton Carew,Hartlepool,TS25 1BG,54.6946,54.6946,,Good,net_30,,,"Hca's, Support Workers Senior Carers & nurses",,
ABBEYFIELD,care_home,Heather Dixon,g.basera5+clienttest21@gmail.com,1665604876,Care Home Manager,admin@www.abbeyfieldnorthumbria.org.uk,Abbeyfield Alnwick,"South Road, Alnwick",Northumberland,NE66 2NZ,54.6946,54.6946,,Good,net_30,,,"Hca's, Support Workers Senior Carers & nurses",,
REDWORTH HOUSE CARE HOME,care_home,Marrissa Jewitt,g.basera5+clienttest22@gmail.com,1388777311,Care Home Manager,redworthhouse@bondcare.co.uk,"Byerley Road, ",Shildon,County Durham,DL4 1HQ,54.6946,54.6946,,Good,net_30,,,"Hca's, Support Workers Senior Carers & nurses",,
ACTION4CARE,Supported Living,Jarreth,g.basera5+clienttest23@gmail.com,7761988188,Care Home Manager,info@action4care,91-97 Saltergate,Chesterfield,Yorkshire,S40 1LA,54.6946,54.6946,,,,,,"Hca's, Support Workers Senior Carers & nurses",,
WILLOW VIEW,Supported Living,Pamela Sanhokwe,g.basera5+clienttest24@gmail.com,01274 050898,Care Home Manager,pam@action4care.org,938 Bradford Road,East Brierley,East Brierley,BD4 6PA,54.6946,54.6946,,,,,,"Hca's, Support Workers Senior Carers & nurses",,
Northfield House,Supported Living,Paul Hutchinson,g.basera5+clienttest25@gmail.com,01845 421475,Care Home Manager,Paul@action4care.org,Stockton Road,Knayton,North Yorkshire,YO7 4AN,54.6946,54.6946,,,,,,"Hca's, Support Workers Senior Carers & nurses",,
Low Lane House,Supported Living,Laura Tucker,g.basera5+clienttest26@gmail.com,01642 378657,Care Home Manager,Laura@action4care.org,"18 Low Lane, Acklam",Middlesbrough,Cleveland,TS5 8EA,54.6946,54.6946,,,,,,,,
